{"cameraMode":{"drawMode":0,"name":"Shaded","section":"Shading Mode"},"sceneLighting":true,"audioPlay":false,"sceneViewState":{"m_AlwaysRefresh":false,"showFog":true,"showSkybox":true,"showFlares":true,"showImageEffects":true,"showParticleSystems":true,"showVisualEffectGraphs":true,"m_FxEnabled":true},"in2DMode":false,"pivot":{"x":1.0440772771835328,"y":2.337458610534668,"z":114.58042907714844},"rotation":{"x":0.17124007642269135,"y":-0.2766464352607727,"z":0.05016876384615898,"w":0.9442655444145203},"size":14.275480270385743,"orthographic":true}