{"cameraMode":{"drawMode":0,"name":"Shaded","section":"Shading Mode"},"sceneLighting":false,"audioPlay":false,"sceneViewState":{"m_AlwaysRefresh":false,"showFog":true,"showSkybox":false,"showFlares":true,"showImageEffects":true,"showParticleSystems":true,"showVisualEffectGraphs":true,"m_FxEnabled":true},"in2DMode":false,"pivot":{"x":0.13041706383228303,"y":1.578403115272522,"z":2.8839468955993654},"rotation":{"x":-0.04608013108372688,"y":0.9217413067817688,"z":-0.11564404517412186,"w":-0.36729738116264346},"size":0.9835139513015747,"orthographic":false}